{
    "first epoch APL mean": 9.513333320617676,
    "first epoch APL std": 0.4196293993162282,
    "first epoch APL best": 9.819999694824219,
    "best APL mean": 9.519999821980795,
    "best APL std": 0.41020336844937305,
    "best APL best": 9.819999694824219,
    "first epoch AReLU mean": 50.859999338785805,
    "first epoch AReLU std": 0.19798967780259238,
    "first epoch AReLU best": 51.119998931884766,
    "best AReLU mean": 73.88333384195964,
    "best AReLU std": 1.0988569880111236,
    "best AReLU best": 74.69999694824219,
    "first epoch CELU mean": 18.420000076293945,
    "first epoch CELU std": 5.775621328510621,
    "first epoch CELU best": 26.350000381469727,
    "best CELU mean": 22.713332811991375,
    "best CELU std": 8.283321544472535,
    "best CELU best": 34.119998931884766,
    "first epoch ELU mean": 10.9366668065389,
    "first epoch ELU std": 1.001942334529116,
    "first epoch ELU best": 11.670000076293945,
    "best ELU mean": 13.236666679382324,
    "best ELU std": 2.7290580730858354,
    "best ELU best": 16.700000762939453,
    "first epoch GELU mean": 9.600000063578287,
    "first epoch GELU std": 0.5635601613317596,
    "first epoch GELU best": 10.300000190734863,
    "best GELU mean": 9.603333473205566,
    "best GELU std": 0.5677050757265478,
    "best GELU best": 10.3100004196167,
    "first epoch LeakyReLU mean": 10.863333384195963,
    "first epoch LeakyReLU std": 0.3449961919161219,
    "first epoch LeakyReLU best": 11.350000381469727,
    "best LeakyReLU mean": 11.730000178019205,
    "best LeakyReLU std": 0.7824317637501995,
    "best LeakyReLU best": 12.819999694824219,
    "first epoch Maxout mean": 10.65666675567627,
    "first epoch Maxout std": 0.9918446256242706,
    "first epoch Maxout best": 12.050000190734863,
    "best Maxout mean": 15.406667073567709,
    "best Maxout std": 0.638975218442196,
    "best Maxout best": 16.290000915527344,
    "first epoch Mixture mean": 9.786666552225748,
    "first epoch Mixture std": 0.3814299453181342,
    "first epoch Mixture best": 10.319999694824219,
    "best Mixture mean": 11.366666793823242,
    "best Mixture std": 1.86120621872748,
    "best Mixture best": 13.960000038146973,
    "first epoch PAU mean": 11.830000241597494,
    "first epoch PAU std": 2.8216781133189377,
    "first epoch PAU best": 15.8100004196167,
    "best PAU mean": 13.220000267028809,
    "best PAU std": 4.633062476623049,
    "best PAU best": 19.770000457763672,
    "first epoch PReLU mean": 11.783333460489908,
    "first epoch PReLU std": 2.319976259252609,
    "first epoch PReLU best": 15.0600004196167,
    "best PReLU mean": 12.113333384195963,
    "best PReLU std": 2.1031143409190776,
    "best PReLU best": 15.0600004196167,
    "first epoch RReLU mean": 10.730000178019205,
    "first epoch RReLU std": 1.77911963590808,
    "first epoch RReLU best": 12.510000228881836,
    "best RReLU mean": 12.463333447774252,
    "best RReLU std": 0.7600583407669333,
    "best RReLU best": 13.369999885559082,
    "first epoch ReLU mean": 10.023333549499512,
    "first epoch ReLU std": 0.986249914219029,
    "first epoch ReLU best": 11.020000457763672,
    "best ReLU mean": 10.59333324432373,
    "best ReLU std": 0.9745536819042624,
    "best ReLU best": 11.729999542236328,
    "first epoch ReLU6 mean": 11.65000025431315,
    "first epoch ReLU6 std": 3.298009953181773,
    "first epoch ReLU6 best": 16.290000915527344,
    "best ReLU6 mean": 11.65000025431315,
    "best ReLU6 std": 3.298009953181773,
    "best ReLU6 best": 16.290000915527344,
    "first epoch SELU mean": 12.376666704813639,
    "first epoch SELU std": 0.14522007023191583,
    "first epoch SELU best": 12.579999923706055,
    "best SELU mean": 24.453333536783855,
    "best SELU std": 5.932207749031493,
    "best SELU best": 31.43000030517578,
    "first epoch SLAF mean": 14.963333129882812,
    "first epoch SLAF std": 2.2668819617703684,
    "first epoch SLAF best": 18.049999237060547,
    "best SLAF mean": 17.453333854675293,
    "best SLAF std": 2.890355756027215,
    "best SLAF best": 19.8700008392334,
    "first epoch Sigmoid mean": 10.423333485921225,
    "first epoch Sigmoid std": 0.665148478466582,
    "first epoch Sigmoid best": 11.350000381469727,
    "best Sigmoid mean": 10.423333485921225,
    "best Sigmoid std": 0.665148478466582,
    "best Sigmoid best": 11.350000381469727,
    "first epoch Softplus mean": 11.350000381469727,
    "first epoch Softplus std": 0.0,
    "first epoch Softplus best": 11.350000381469727,
    "best Softplus mean": 11.350000381469727,
    "best Softplus std": 0.0,
    "best Softplus best": 11.350000381469727,
    "first epoch Swish mean": 10.539999961853027,
    "first epoch Swish std": 0.7065882426357074,
    "first epoch Swish best": 11.390000343322754,
    "best Swish mean": 11.59000015258789,
    "best Swish std": 1.6635105038445077,
    "best Swish best": 13.720000267028809,
    "first epoch Tanh mean": 10.056666692097982,
    "first epoch Tanh std": 0.2877883809353924,
    "first epoch Tanh best": 10.359999656677246,
    "best Tanh mean": 13.460000038146973,
    "best Tanh std": 0.5016637523646981,
    "best Tanh best": 13.90999984741211
}