{
    "first epoch APL mean": 95.10399780273437,
    "first epoch APL std": 1.0091506633212572,
    "first epoch APL best": 96.44999694824219,
    "best APL mean": 98.94199981689454,
    "best APL std": 0.0861169490402981,
    "best APL best": 99.06999969482422,
    "first epoch AReLU mean": 97.66600036621094,
    "first epoch AReLU std": 0.3005078164721967,
    "first epoch AReLU best": 97.9800033569336,
    "best AReLU mean": 99.01799926757812,
    "best AReLU std": 0.05599790302922192,
    "best AReLU best": 99.05999755859375,
    "first epoch CELU mean": 96.11000213623046,
    "first epoch CELU std": 0.3269255962156508,
    "first epoch CELU best": 96.62000274658203,
    "best CELU mean": 98.95200042724609,
    "best CELU std": 0.04069239906833081,
    "best CELU best": 99.0199966430664,
    "first epoch ELU mean": 96.21600036621093,
    "first epoch ELU std": 0.2583475631487916,
    "first epoch ELU best": 96.69999694824219,
    "best ELU mean": 98.95399932861328,
    "best ELU std": 0.09748699835043867,
    "best ELU best": 99.08999633789062,
    "first epoch GELU mean": 94.95399932861328,
    "first epoch GELU std": 0.5531564777441994,
    "first epoch GELU best": 95.62999725341797,
    "best GELU mean": 98.9,
    "best GELU std": 0.044271349600044335,
    "best GELU best": 98.95999908447266,
    "first epoch LeakyReLU mean": 95.41000061035156,
    "first epoch LeakyReLU std": 0.21344937570658734,
    "first epoch LeakyReLU best": 95.76000213623047,
    "best LeakyReLU mean": 98.94800109863282,
    "best LeakyReLU std": 0.09064074353341188,
    "best LeakyReLU best": 99.06999969482422,
    "first epoch Maxout mean": 96.00800170898438,
    "first epoch Maxout std": 0.3548744582317127,
    "first epoch Maxout best": 96.47000122070312,
    "best Maxout mean": 98.82799987792968,
    "best Maxout std": 0.058444370072168864,
    "best Maxout best": 98.88999938964844,
    "first epoch Mixture mean": 95.2759994506836,
    "first epoch Mixture std": 0.40460589519405854,
    "first epoch Mixture best": 95.76000213623047,
    "best Mixture mean": 98.91600189208984,
    "best Mixture std": 0.045429619699281595,
    "best Mixture best": 98.98999786376953,
    "first epoch PAU mean": 97.61999816894532,
    "first epoch PAU std": 0.12441812322238764,
    "first epoch PAU best": 97.73999786376953,
    "best PAU mean": 98.98999938964843,
    "best PAU std": 0.05549668096599676,
    "best PAU best": 99.08999633789062,
    "first epoch PReLU mean": 95.66399993896485,
    "first epoch PReLU std": 0.46658578282037316,
    "first epoch PReLU best": 96.41999816894531,
    "best PReLU mean": 98.9279998779297,
    "best PReLU std": 0.0617743796346923,
    "best PReLU best": 99.0,
    "first epoch RReLU mean": 95.17000122070313,
    "first epoch RReLU std": 0.34182052954837394,
    "first epoch RReLU best": 95.7300033569336,
    "best RReLU mean": 98.96799926757812,
    "best RReLU std": 0.03867766374312745,
    "best RReLU best": 99.02999877929688,
    "first epoch ReLU mean": 95.35599975585937,
    "first epoch ReLU std": 0.29193380573557487,
    "first epoch ReLU best": 95.66000366210938,
    "best ReLU mean": 98.94199829101562,
    "best ReLU std": 0.03867876835516685,
    "best ReLU best": 99.0,
    "first epoch ReLU6 mean": 95.68399963378906,
    "first epoch ReLU6 std": 0.24162969332948134,
    "first epoch ReLU6 best": 96.01000213623047,
    "best ReLU6 mean": 98.97000122070312,
    "best ReLU6 std": 0.05830941431865146,
    "best ReLU6 best": 99.04000091552734,
    "first epoch SELU mean": 96.56199951171875,
    "first epoch SELU std": 0.2795299591393275,
    "first epoch SELU best": 96.87000274658203,
    "best SELU mean": 98.89000091552734,
    "best SELU std": 0.020975566077585932,
    "best SELU best": 98.91999816894531,
    "first epoch SLAF mean": 97.0520004272461,
    "first epoch SLAF std": 0.18988507395272464,
    "first epoch SLAF best": 97.29000091552734,
    "best SLAF mean": 98.81000061035157,
    "best SLAF std": 0.035213789807742445,
    "best SLAF best": 98.87000274658203,
    "first epoch Sigmoid mean": 11.09800033569336,
    "first epoch Sigmoid std": 0.5040000915527344,
    "first epoch Sigmoid best": 11.350000381469727,
    "best Sigmoid mean": 96.25,
    "best Sigmoid std": 0.12884127151403776,
    "best Sigmoid best": 96.41999816894531,
    "first epoch Softplus mean": 88.05800018310546,
    "first epoch Softplus std": 6.7506268192037355,
    "first epoch Softplus best": 92.97000122070312,
    "best Softplus mean": 98.76799926757812,
    "best Softplus std": 0.13272528295042216,
    "best Softplus best": 98.95999908447266,
    "first epoch Swish mean": 94.91000061035156,
    "first epoch Swish std": 0.6474266905091682,
    "first epoch Swish best": 95.87000274658203,
    "best Swish mean": 98.9540023803711,
    "best Swish std": 0.06406205412663,
    "best Swish best": 99.05000305175781,
    "first epoch Tanh mean": 94.60799865722656,
    "first epoch Tanh std": 0.46014896641667846,
    "first epoch Tanh best": 95.3499984741211,
    "best Tanh mean": 98.92200012207032,
    "best Tanh std": 0.03249783658600916,
    "best Tanh best": 98.9800033569336
}