{
    "first epoch APL mean": 10.070000076293946,
    "first epoch APL std": 0.6675928849305023,
    "first epoch APL best": 11.350000381469727,
    "best APL mean": 65.44199981689454,
    "best APL std": 17.446844745175607,
    "best APL best": 81.87999725341797,
    "first epoch AReLU mean": 57.572000122070314,
    "first epoch AReLU std": 6.660946924089504,
    "first epoch AReLU best": 64.20999908447266,
    "best AReLU mean": 95.8260009765625,
    "best AReLU std": 0.17805752973042152,
    "best AReLU best": 96.16000366210938,
    "first epoch CELU mean": 11.364000129699708,
    "first epoch CELU std": 2.2966374447532774,
    "first epoch CELU best": 15.65999984741211,
    "best CELU mean": 88.64399871826171,
    "best CELU std": 0.7790397509727615,
    "best CELU best": 89.83999633789062,
    "first epoch ELU mean": 12.261999893188477,
    "first epoch ELU std": 0.7860891375096251,
    "first epoch ELU best": 13.420000076293945,
    "best ELU mean": 89.22999877929688,
    "best ELU std": 1.35292300563675,
    "best ELU best": 90.91999816894531,
    "first epoch GELU mean": 10.002000045776366,
    "first epoch GELU std": 1.3680117188225085,
    "first epoch GELU best": 12.630000114440918,
    "best GELU mean": 64.01800079345703,
    "best GELU std": 24.00596319026555,
    "best GELU best": 88.12000274658203,
    "first epoch LeakyReLU mean": 10.203999900817871,
    "first epoch LeakyReLU std": 0.9008131663937642,
    "first epoch LeakyReLU best": 11.760000228881836,
    "best LeakyReLU mean": 86.02799987792969,
    "best LeakyReLU std": 1.3120270087096884,
    "best LeakyReLU best": 88.0999984741211,
    "first epoch Maxout mean": 10.145999908447266,
    "first epoch Maxout std": 0.666531050511897,
    "first epoch Maxout best": 10.819999694824219,
    "best Maxout mean": 89.32599792480468,
    "best Maxout std": 0.6811921870190267,
    "best Maxout best": 90.37999725341797,
    "first epoch Mixture mean": 12.51200008392334,
    "first epoch Mixture std": 1.6685488643927266,
    "first epoch Mixture best": 14.079999923706055,
    "best Mixture mean": 88.08199768066406,
    "best Mixture std": 1.504877553547861,
    "best Mixture best": 90.41999816894531,
    "first epoch PAU mean": 11.27800006866455,
    "first epoch PAU std": 1.1609205943971628,
    "first epoch PAU best": 13.270000457763672,
    "best PAU mean": 94.54200134277343,
    "best PAU std": 0.6260156462566837,
    "best PAU best": 95.38999938964844,
    "first epoch PReLU mean": 10.36200008392334,
    "first epoch PReLU std": 0.5248391031526572,
    "first epoch PReLU best": 11.350000381469727,
    "best PReLU mean": 86.03400115966797,
    "best PReLU std": 2.4747077506594466,
    "best PReLU best": 89.68000030517578,
    "first epoch RReLU mean": 11.094000244140625,
    "first epoch RReLU std": 1.7746505145067175,
    "first epoch RReLU best": 14.350000381469727,
    "best RReLU mean": 85.51599884033203,
    "best RReLU std": 3.7386546362314403,
    "best RReLU best": 88.87999725341797,
    "first epoch ReLU mean": 10.985999870300294,
    "first epoch ReLU std": 1.340978641906043,
    "first epoch ReLU best": 13.40999984741211,
    "best ReLU mean": 87.00199890136719,
    "best ReLU std": 1.7314427799092298,
    "best ReLU best": 88.77999877929688,
    "first epoch ReLU6 mean": 10.872000122070313,
    "first epoch ReLU6 std": 1.433114199020501,
    "first epoch ReLU6 best": 13.020000457763672,
    "best ReLU6 mean": 81.31800079345703,
    "best ReLU6 std": 8.5405152628849,
    "best ReLU6 best": 87.95999908447266,
    "first epoch SELU mean": 18.077999877929688,
    "first epoch SELU std": 4.811384429796365,
    "first epoch SELU best": 25.610000610351562,
    "best SELU mean": 91.63199920654297,
    "best SELU std": 0.5163478158188037,
    "best SELU best": 92.38999938964844,
    "first epoch SLAF mean": 15.165999603271484,
    "first epoch SLAF std": 3.3173335447567083,
    "first epoch SLAF best": 20.799999237060547,
    "best SLAF mean": 94.74200134277343,
    "best SLAF std": 0.2806704332392512,
    "best SLAF best": 95.22000122070312,
    "first epoch Sigmoid mean": 9.982000160217286,
    "first epoch Sigmoid std": 0.1406273390649725,
    "first epoch Sigmoid best": 10.100000381469727,
    "best Sigmoid mean": 11.350000381469727,
    "best Sigmoid std": 0.0,
    "best Sigmoid best": 11.350000381469727,
    "first epoch Softplus mean": 8.84600009918213,
    "first epoch Softplus std": 2.1555473792829347,
    "first epoch Softplus best": 11.350000381469727,
    "best Softplus mean": 11.622000312805175,
    "best Softplus std": 0.5291275777738311,
    "best Softplus best": 12.680000305175781,
    "first epoch Swish mean": 10.270000076293945,
    "first epoch Swish std": 0.6720119619894702,
    "first epoch Swish best": 11.119999885559082,
    "best Swish mean": 26.271999740600585,
    "best Swish std": 10.26313634408356,
    "best Swish best": 46.619998931884766,
    "first epoch Tanh mean": 10.276000022888184,
    "first epoch Tanh std": 3.354725967849928,
    "first epoch Tanh best": 16.3700008392334,
    "best Tanh mean": 76.00800170898438,
    "best Tanh std": 3.525588800836498,
    "best Tanh best": 82.19000244140625
}