{
    "first epoch APL mean": 11.061999893188476,
    "first epoch APL std": 1.5377306344282036,
    "first epoch APL best": 13.149999618530273,
    "best APL mean": 64.3380012512207,
    "best APL std": 1.927189694707856,
    "best APL best": 66.91000366210938,
    "first epoch AReLU mean": 17.169999885559083,
    "first epoch AReLU std": 3.7152495847834923,
    "first epoch AReLU best": 23.329999923706055,
    "best AReLU mean": 78.32799987792968,
    "best AReLU std": 0.902295252894732,
    "best AReLU best": 80.01000213623047,
    "first epoch CELU mean": 16.729999923706053,
    "first epoch CELU std": 2.7408830827942072,
    "first epoch CELU best": 19.170000076293945,
    "best CELU mean": 71.73399963378907,
    "best CELU std": 1.0857178887658,
    "best CELU best": 73.30999755859375,
    "first epoch ELU mean": 15.357999801635742,
    "first epoch ELU std": 3.537927773005294,
    "first epoch ELU best": 21.6299991607666,
    "best ELU mean": 71.94399871826172,
    "best ELU std": 0.6547541482355063,
    "best ELU best": 73.19999694824219,
    "first epoch GELU mean": 13.481999969482422,
    "first epoch GELU std": 1.8120196512264237,
    "first epoch GELU best": 16.649999618530273,
    "best GELU mean": 59.46800003051758,
    "best GELU std": 2.4001872343909807,
    "best GELU best": 61.83000183105469,
    "first epoch LeakyReLU mean": 12.244000053405761,
    "first epoch LeakyReLU std": 0.7943954428743252,
    "first epoch LeakyReLU best": 13.5,
    "best LeakyReLU mean": 64.99399871826172,
    "best LeakyReLU std": 1.9227739818820047,
    "best LeakyReLU best": 67.16999816894531,
    "first epoch Maxout mean": 13.867999649047851,
    "first epoch Maxout std": 3.9543970428889477,
    "first epoch Maxout best": 19.059999465942383,
    "best Maxout mean": 73.16200103759766,
    "best Maxout std": 1.055754800131558,
    "best Maxout best": 75.01000213623047,
    "first epoch Mixture mean": 12.926000022888184,
    "first epoch Mixture std": 0.8363398723668942,
    "first epoch Mixture best": 14.050000190734863,
    "best Mixture mean": 65.39000091552734,
    "best Mixture std": 2.0929795393306594,
    "best Mixture best": 67.2300033569336,
    "first epoch PAU mean": 10.988000106811523,
    "first epoch PAU std": 3.02505810809861,
    "first epoch PAU best": 16.84000015258789,
    "best PAU mean": 66.9020004272461,
    "best PAU std": 1.6761787810846769,
    "best PAU best": 68.7300033569336,
    "first epoch PReLU mean": 12.663999938964844,
    "first epoch PReLU std": 1.6532342997413816,
    "first epoch PReLU best": 14.619999885559082,
    "best PReLU mean": 68.3719985961914,
    "best PReLU std": 2.5966251959432567,
    "best PReLU best": 71.26000213623047,
    "first epoch RReLU mean": 13.899999809265136,
    "first epoch RReLU std": 3.2410181280216075,
    "first epoch RReLU best": 19.219999313354492,
    "best RReLU mean": 66.65999908447266,
    "best RReLU std": 2.050813912538003,
    "best RReLU best": 69.70999908447266,
    "first epoch ReLU mean": 12.223999977111816,
    "first epoch ReLU std": 4.89677688274192,
    "first epoch ReLU best": 18.889999389648438,
    "best ReLU mean": 65.48400039672852,
    "best ReLU std": 1.8545161672201123,
    "best ReLU best": 68.19000244140625,
    "first epoch ReLU6 mean": 14.104000091552734,
    "first epoch ReLU6 std": 5.565937862483914,
    "first epoch ReLU6 best": 25.09000015258789,
    "best ReLU6 mean": 66.2,
    "best ReLU6 std": 1.038209326658583,
    "best ReLU6 best": 67.58000183105469,
    "first epoch SELU mean": 19.068000030517577,
    "first epoch SELU std": 3.713135799876273,
    "first epoch SELU best": 23.670000076293945,
    "best SELU mean": 76.71800079345704,
    "best SELU std": 0.5140961137874088,
    "best SELU best": 77.43000030517578,
    "first epoch SLAF mean": 18.541999435424806,
    "first epoch SLAF std": 3.645399114798928,
    "first epoch SLAF best": 21.559999465942383,
    "best SLAF mean": 73.23199920654297,
    "best SLAF std": 0.6824468985158292,
    "best SLAF best": 74.41999816894531,
    "first epoch Sigmoid mean": 10.543999862670898,
    "first epoch Sigmoid std": 0.7107066574057757,
    "first epoch Sigmoid best": 11.649999618530273,
    "best Sigmoid mean": 17.314000129699707,
    "best Sigmoid std": 2.4361660777388052,
    "best Sigmoid best": 21.190000534057617,
    "first epoch Softplus mean": 11.796000099182129,
    "first epoch Softplus std": 2.4911090960232642,
    "first epoch Softplus best": 16.260000228881836,
    "best Softplus mean": 52.29199981689453,
    "best Softplus std": 1.9132204502387853,
    "best Softplus best": 55.41999816894531,
    "first epoch Swish mean": 13.057999992370606,
    "first epoch Swish std": 2.0319978022676315,
    "first epoch Swish best": 16.56999969482422,
    "best Swish mean": 60.27199935913086,
    "best Swish std": 2.7787436725006858,
    "best Swish best": 63.36000061035156,
    "first epoch Tanh mean": 13.616000175476074,
    "first epoch Tanh std": 2.1427610494640525,
    "first epoch Tanh best": 17.040000915527344,
    "best Tanh mean": 72.18800048828125,
    "best Tanh std": 1.217234306306226,
    "best Tanh best": 73.91000366210938
}