{
    "first epoch APL mean": 41.30199966430664,
    "first epoch APL std": 3.4299052629295566,
    "first epoch APL best": 45.119998931884766,
    "best APL mean": 89.79400024414062,
    "best APL std": 0.09156548098522262,
    "best APL best": 89.94000244140625,
    "first epoch AReLU mean": 69.59600067138672,
    "first epoch AReLU std": 1.0553983201916426,
    "first epoch AReLU best": 70.55999755859375,
    "best AReLU mean": 89.59000091552734,
    "best AReLU std": 0.1466976197985603,
    "best AReLU best": 89.80000305175781,
    "first epoch CELU mean": 61.184000396728514,
    "first epoch CELU std": 2.3638244594459237,
    "first epoch CELU best": 65.01000213623047,
    "best CELU mean": 87.44400177001953,
    "best CELU std": 0.16094739124598026,
    "best CELU best": 87.7300033569336,
    "first epoch ELU mean": 61.83400039672851,
    "first epoch ELU std": 1.0761157237513235,
    "first epoch ELU best": 62.58000183105469,
    "best ELU mean": 87.32799987792968,
    "best ELU std": 0.19528180635792777,
    "best ELU best": 87.58999633789062,
    "first epoch GELU mean": 40.31999969482422,
    "first epoch GELU std": 4.4522664066064195,
    "first epoch GELU best": 44.31999969482422,
    "best GELU mean": 85.50800170898438,
    "best GELU std": 0.21122461016321625,
    "best GELU best": 85.76000213623047,
    "first epoch LeakyReLU mean": 46.337999725341795,
    "first epoch LeakyReLU std": 5.350668253273806,
    "first epoch LeakyReLU best": 54.529998779296875,
    "best LeakyReLU mean": 87.10800018310547,
    "best LeakyReLU std": 0.19030622297049105,
    "best LeakyReLU best": 87.4800033569336,
    "first epoch Maxout mean": 62.130000305175784,
    "first epoch Maxout std": 1.456832478692057,
    "first epoch Maxout best": 63.56999969482422,
    "best Maxout mean": 87.62200164794922,
    "best Maxout std": 0.08953116684680093,
    "best Maxout best": 87.75,
    "first epoch Mixture mean": 45.53199996948242,
    "first epoch Mixture std": 3.7681642424633575,
    "first epoch Mixture best": 50.18000030517578,
    "best Mixture mean": 87.00799865722657,
    "best Mixture std": 0.13496594171313991,
    "best Mixture best": 87.12999725341797,
    "first epoch PAU mean": 44.970000457763675,
    "first epoch PAU std": 5.860249169530266,
    "first epoch PAU best": 53.790000915527344,
    "best PAU mean": 90.82999877929687,
    "best PAU std": 0.1088106085690541,
    "best PAU best": 90.98999786376953,
    "first epoch PReLU mean": 53.677999877929686,
    "first epoch PReLU std": 3.8255892424731175,
    "first epoch PReLU best": 58.7599983215332,
    "best PReLU mean": 87.35,
    "best PReLU std": 0.1279065783208934,
    "best PReLU best": 87.4800033569336,
    "first epoch RReLU mean": 49.10199966430664,
    "first epoch RReLU std": 4.32886375651701,
    "first epoch RReLU best": 55.720001220703125,
    "best RReLU mean": 87.06199951171875,
    "best RReLU std": 0.15866949315997456,
    "best RReLU best": 87.29000091552734,
    "first epoch ReLU mean": 49.49399948120117,
    "first epoch ReLU std": 2.2907512449227543,
    "first epoch ReLU best": 52.16999816894531,
    "best ReLU mean": 87.03799896240234,
    "best ReLU std": 0.1185580778462016,
    "best ReLU best": 87.16999816894531,
    "first epoch ReLU6 mean": 46.795999145507814,
    "first epoch ReLU6 std": 4.4224904443753426,
    "first epoch ReLU6 best": 50.7599983215332,
    "best ReLU6 mean": 87.11599884033203,
    "best ReLU6 std": 0.21703453528445732,
    "best ReLU6 best": 87.48999786376953,
    "first epoch SELU mean": 67.33000030517579,
    "first epoch SELU std": 1.0490571741297445,
    "first epoch SELU best": 68.62000274658203,
    "best SELU mean": 88.83399963378906,
    "best SELU std": 0.08499392644552482,
    "best SELU best": 89.0,
    "first epoch SLAF mean": 58.5620002746582,
    "first epoch SLAF std": 2.4434927471095524,
    "first epoch SLAF best": 63.18000030517578,
    "best SLAF mean": 90.06600036621094,
    "best SLAF std": 0.09046478432341613,
    "best SLAF best": 90.19999694824219,
    "first epoch Sigmoid mean": 15.246000480651855,
    "first epoch Sigmoid std": 3.584631882448474,
    "first epoch Sigmoid best": 21.200000762939453,
    "best Sigmoid mean": 68.71399993896485,
    "best Sigmoid std": 0.9861375101729909,
    "best Sigmoid best": 70.4800033569336,
    "first epoch Softplus mean": 34.57599983215332,
    "first epoch Softplus std": 4.307750167013477,
    "first epoch Softplus best": 40.970001220703125,
    "best Softplus mean": 83.34599914550782,
    "best Softplus std": 0.29343456344155827,
    "best Softplus best": 83.72000122070312,
    "first epoch Swish mean": 38.16600036621094,
    "first epoch Swish std": 4.727217510102328,
    "first epoch Swish best": 43.9900016784668,
    "best Swish mean": 84.47599945068359,
    "best Swish std": 0.08236507378315332,
    "best Swish best": 84.55999755859375,
    "first epoch Tanh mean": 62.63599853515625,
    "first epoch Tanh std": 2.02592744880795,
    "first epoch Tanh best": 65.58999633789062,
    "best Tanh mean": 87.31600036621094,
    "best Tanh std": 0.07227799052044076,
    "best Tanh best": 87.43000030517578
}