{
    "first epoch APL mean": 9.827999687194824,
    "first epoch APL std": 0.4771330958122595,
    "first epoch APL best": 10.319999694824219,
    "best APL mean": 10.097999954223633,
    "best APL std": 0.21912553298666737,
    "best APL best": 10.319999694824219,
    "first epoch AReLU mean": 10.336000156402587,
    "first epoch AReLU std": 2.386802107379127,
    "first epoch AReLU best": 14.680000305175781,
    "best AReLU mean": 73.82800064086913,
    "best AReLU std": 5.747178240655134,
    "best AReLU best": 78.52999877929688,
    "first epoch CELU mean": 9.681999969482423,
    "first epoch CELU std": 0.5212061989803616,
    "first epoch CELU best": 10.09000015258789,
    "best CELU mean": 15.319999885559081,
    "best CELU std": 3.413057138849357,
    "best CELU best": 20.81999969482422,
    "first epoch ELU mean": 9.428000164031982,
    "first epoch ELU std": 2.0599262770414186,
    "first epoch ELU best": 12.34000015258789,
    "best ELU mean": 18.94600009918213,
    "best ELU std": 4.312672429389398,
    "best ELU best": 24.329999923706055,
    "first epoch GELU mean": 9.115999889373779,
    "first epoch GELU std": 0.7185150900618797,
    "first epoch GELU best": 9.949999809265137,
    "best GELU mean": 9.336000061035156,
    "best GELU std": 0.6146738348741122,
    "best GELU best": 10.300000190734863,
    "first epoch LeakyReLU mean": 11.266000175476075,
    "first epoch LeakyReLU std": 0.6355028662928638,
    "first epoch LeakyReLU best": 12.010000228881836,
    "best LeakyReLU mean": 15.239999961853027,
    "best LeakyReLU std": 4.754757228522323,
    "best LeakyReLU best": 21.65999984741211,
    "first epoch Maxout mean": 10.278000259399414,
    "first epoch Maxout std": 1.922200888329952,
    "first epoch Maxout best": 13.430000305175781,
    "best Maxout mean": 18.25800018310547,
    "best Maxout std": 4.393583175880807,
    "best Maxout best": 24.709999084472656,
    "first epoch Mixture mean": 9.777999877929688,
    "first epoch Mixture std": 0.4294834535762583,
    "first epoch Mixture best": 10.279999732971191,
    "best Mixture mean": 12.472000122070312,
    "best Mixture std": 2.9826058258288524,
    "best Mixture best": 16.780000686645508,
    "first epoch PAU mean": 9.370000076293945,
    "first epoch PAU std": 3.259282104408981,
    "first epoch PAU best": 13.369999885559082,
    "best PAU mean": 13.944000053405762,
    "best PAU std": 2.902699306577316,
    "best PAU best": 17.059999465942383,
    "first epoch PReLU mean": 10.22199993133545,
    "first epoch PReLU std": 1.0480727547442235,
    "first epoch PReLU best": 12.3100004196167,
    "best PReLU mean": 13.281999969482422,
    "best PReLU std": 4.312031902570335,
    "best PReLU best": 18.68000030517578,
    "first epoch RReLU mean": 9.472000026702881,
    "first epoch RReLU std": 1.521386164488169,
    "first epoch RReLU best": 11.25,
    "best RReLU mean": 12.25,
    "best RReLU std": 2.332672330911426,
    "best RReLU best": 16.260000228881836,
    "first epoch ReLU mean": 11.272000122070313,
    "first epoch ReLU std": 1.3601824494667727,
    "first epoch ReLU best": 12.510000228881836,
    "best ReLU mean": 15.592000007629395,
    "best ReLU std": 3.36846814510128,
    "best ReLU best": 19.229999542236328,
    "first epoch ReLU6 mean": 10.404000091552735,
    "first epoch ReLU6 std": 1.2255711184737037,
    "first epoch ReLU6 best": 12.640000343322754,
    "best ReLU6 mean": 12.989999961853027,
    "best ReLU6 std": 2.0336271995604362,
    "best ReLU6 best": 15.90999984741211,
    "first epoch SELU mean": 10.376000022888183,
    "first epoch SELU std": 0.801488635500795,
    "first epoch SELU best": 11.289999961853027,
    "best SELU mean": 34.747999572753905,
    "best SELU std": 8.01368890027598,
    "best SELU best": 45.939998626708984,
    "first epoch SLAF mean": 10.215999984741211,
    "first epoch SLAF std": 1.2132040899659031,
    "first epoch SLAF best": 11.579999923706055,
    "best SLAF mean": 16.595999908447265,
    "best SLAF std": 3.8393571554885613,
    "best SLAF best": 21.15999984741211,
    "first epoch Sigmoid mean": 9.552000045776367,
    "first epoch Sigmoid std": 0.5316164123573645,
    "first epoch Sigmoid best": 10.09000015258789,
    "best Sigmoid mean": 10.170000076293945,
    "best Sigmoid std": 0.6226076032792862,
    "best Sigmoid best": 11.350000381469727,
    "first epoch Softplus mean": 9.978000068664551,
    "first epoch Softplus std": 0.2586425762888686,
    "first epoch Softplus best": 10.319999694824219,
    "best Softplus mean": 13.56400032043457,
    "best Softplus std": 2.1764521218591364,
    "best Softplus best": 17.100000381469727,
    "first epoch Swish mean": 9.723999977111816,
    "first epoch Swish std": 0.5751381719814223,
    "first epoch Swish best": 10.699999809265137,
    "best Swish mean": 9.939999961853028,
    "best Swish std": 0.9416368831369366,
    "best Swish best": 11.710000038146973,
    "first epoch Tanh mean": 9.73799991607666,
    "first epoch Tanh std": 0.9287494571237996,
    "first epoch Tanh best": 10.779999732971191,
    "best Tanh mean": 13.292000198364258,
    "best Tanh std": 3.224273140674515,
    "best Tanh best": 18.350000381469727
}