{
    "first epoch APL mean": 16.522000312805176,
    "first epoch APL std": 4.160588597864795,
    "first epoch APL best": 21.5,
    "best APL mean": 97.82000122070312,
    "best APL std": 0.22706819372166404,
    "best APL best": 98.08000183105469,
    "first epoch AReLU mean": 92.58399963378906,
    "first epoch AReLU std": 1.0378166116145675,
    "first epoch AReLU best": 94.20999908447266,
    "best AReLU mean": 98.54000091552734,
    "best AReLU std": 0.19970041039038214,
    "best AReLU best": 98.83000183105469,
    "first epoch CELU mean": 58.71999969482422,
    "first epoch CELU std": 6.487744463845017,
    "first epoch CELU best": 70.23999786376953,
    "best CELU mean": 97.83400115966796,
    "best CELU std": 0.13062764558026657,
    "best CELU best": 98.02999877929688,
    "first epoch ELU mean": 62.02600021362305,
    "first epoch ELU std": 8.225542667207284,
    "first epoch ELU best": 70.5999984741211,
    "best ELU mean": 97.78200073242188,
    "best ELU std": 0.14824298852457846,
    "best ELU best": 98.01000213623047,
    "first epoch GELU mean": 11.194000053405762,
    "first epoch GELU std": 1.3783266842947524,
    "first epoch GELU best": 13.260000228881836,
    "best GELU mean": 97.79199981689453,
    "best GELU std": 0.14176117320162174,
    "best GELU best": 97.97000122070312,
    "first epoch LeakyReLU mean": 49.21399993896485,
    "first epoch LeakyReLU std": 9.265783897226582,
    "first epoch LeakyReLU best": 63.630001068115234,
    "best LeakyReLU mean": 97.70399932861328,
    "best LeakyReLU std": 0.08546413095325983,
    "best LeakyReLU best": 97.80999755859375,
    "first epoch Maxout mean": 72.68600006103516,
    "first epoch Maxout std": 4.974699469664763,
    "first epoch Maxout best": 79.16999816894531,
    "best Maxout mean": 97.76399993896484,
    "best Maxout std": 0.1312420905623676,
    "best Maxout best": 97.9800033569336,
    "first epoch Mixture mean": 33.933999633789064,
    "first epoch Mixture std": 9.57715081864011,
    "first epoch Mixture best": 47.459999084472656,
    "best Mixture mean": 97.70599975585938,
    "best Mixture std": 0.05535211330306676,
    "best Mixture best": 97.80999755859375,
    "first epoch PAU mean": 43.22399978637695,
    "first epoch PAU std": 27.052674700231158,
    "first epoch PAU best": 87.08999633789062,
    "best PAU mean": 98.70600128173828,
    "best PAU std": 0.08957629485142975,
    "best PAU best": 98.83000183105469,
    "first epoch PReLU mean": 36.66600036621094,
    "first epoch PReLU std": 13.675734558548655,
    "first epoch PReLU best": 61.630001068115234,
    "best PReLU mean": 97.70599975585938,
    "best PReLU std": 0.12705632924465457,
    "best PReLU best": 97.83999633789062,
    "first epoch RReLU mean": 51.27799987792969,
    "first epoch RReLU std": 4.854351898376636,
    "first epoch RReLU best": 60.959999084472656,
    "best RReLU mean": 97.77400054931641,
    "best RReLU std": 0.07003027738390903,
    "best RReLU best": 97.87000274658203,
    "first epoch ReLU mean": 36.919999313354495,
    "first epoch ReLU std": 11.943195320878608,
    "first epoch ReLU best": 51.56999969482422,
    "best ReLU mean": 97.61399993896484,
    "best ReLU std": 0.17071483513790806,
    "best ReLU best": 97.79000091552734,
    "first epoch ReLU6 mean": 43.98800048828125,
    "first epoch ReLU6 std": 13.715874745755732,
    "first epoch ReLU6 best": 59.02000045776367,
    "best ReLU6 mean": 97.79400024414062,
    "best ReLU6 std": 0.08356926628553434,
    "best ReLU6 best": 97.91999816894531,
    "first epoch SELU mean": 80.47400207519532,
    "first epoch SELU std": 1.0204625925695463,
    "first epoch SELU best": 81.91000366210938,
    "best SELU mean": 97.9760009765625,
    "best SELU std": 0.039293461005744074,
    "best SELU best": 98.04000091552734,
    "first epoch SLAF mean": 82.85,
    "first epoch SLAF std": 2.361668822093074,
    "first epoch SLAF best": 86.29000091552734,
    "best SLAF mean": 98.42200012207032,
    "best SLAF std": 0.11106899009365989,
    "best SLAF best": 98.62000274658203,
    "first epoch Sigmoid mean": 11.350000381469727,
    "first epoch Sigmoid std": 0.0,
    "first epoch Sigmoid best": 11.350000381469727,
    "best Sigmoid mean": 11.350000381469727,
    "best Sigmoid std": 0.0,
    "best Sigmoid best": 11.350000381469727,
    "first epoch Softplus mean": 11.13600025177002,
    "first epoch Softplus std": 0.42800025939941405,
    "first epoch Softplus best": 11.350000381469727,
    "best Softplus mean": 97.36000061035156,
    "best Softplus std": 0.1419846509936509,
    "best Softplus best": 97.5,
    "first epoch Swish mean": 14.119999885559082,
    "first epoch Swish std": 5.186030838453586,
    "first epoch Swish best": 23.389999389648438,
    "best Swish mean": 97.47000122070312,
    "best Swish std": 0.2481141591898036,
    "best Swish best": 97.76000213623047,
    "first epoch Tanh mean": 55.70600051879883,
    "first epoch Tanh std": 7.7452660697179,
    "first epoch Tanh best": 64.1500015258789,
    "best Tanh mean": 96.89399871826171,
    "best Tanh std": 0.1525248170879027,
    "best Tanh best": 97.05999755859375
}